{"cameraMode":{"drawMode":0,"name":"Shaded","section":"Shading Mode"},"sceneLighting":false,"audioPlay":false,"sceneViewState":{"m_AlwaysRefresh":false,"showFog":true,"showSkybox":false,"showFlares":true,"showImageEffects":true,"showParticleSystems":true,"showVisualEffectGraphs":true,"m_FxEnabled":true},"in2DMode":false,"pivot":{"x":-17.098718643188478,"y":-0.40265560150146487,"z":-0.2698388397693634},"rotation":{"x":-0.11424744874238968,"y":-0.6637918949127197,"z":0.10358025133609772,"w":-0.7320389747619629},"size":0.230566143989563,"orthographic":false}